time,open,high,low,close,SMA 50,SMA 100,SMA 200,Volume,Volume MA,Plot,Plot,Plot,Histogram,MACD,Signal
1685916000,27202.16,27469.71,27054.45,27123.99,27076.486599999975,27293.100800000015,27038.990049999993,2278.66438333,559.6310864840049,27195.4211111112,27155.65666666665,NaN,1.8064633574253737,17.58057746621489,15.774114108789517
1685923200,27120.98,27133.69,26958.07,27056.65,27075.653999999977,27295.979700000014,27040.010349999997,1082.77762794,602.8362663945048,27184.79666666676,27149.716666666653,NaN,-6.817875060141908,7.251770283612132,14.06964534375404
1685930400,27056.91,27086.81,26810.07,26850.87,27068.279999999977,27297.016300000014,27039.930249999994,1683.40130023,667.7805526645049,27143.734444444537,27134.960476190463,NaN,-25.126708153756063,-17.338739848441037,7.787968305315024
1685937600,26847.84,26878.63,26755.53,26825.31,27062.97859999998,27297.429700000015,27039.653149999995,812.12431373,689.0106990795049,27101.687777777868,27119.812380952368,27101.687777777868,-36.98732738208551,-38.44619092229186,-1.4588635402063534
1685944800,26826.31,26842.27,26755.34,26840.89,27064.08739999998,27297.091900000014,27039.37349999999,510.30383366,671.6089863725049,27055.656666666757,27103.69761904761,NaN,-41.47481753329095,-53.30238545682005,-11.827567923529093
1685952000,26839.64,26848.57,26719.52,26779.57,27062.57439999998,27293.759800000014,27038.628199999992,773.99199015,663.9066510160048,27009.988888888984,27078.225238095227,NaN,-45.9187804201773,-69.22604344875072,-23.307263028573416
1685959200,26780.38,26798,26677.38,26773.46,27061.875199999977,27289.53110000001,27038.26609999999,884.74821675,669.3974497280049,26963.823333333425,27059.33333333332,NaN,-46.47446997485666,-81.40035049714425,-34.925880522287585
1685966400,26774.8,26784.55,26646.12,26730.56,27058.13219999998,27285.073200000013,27037.34354999999,1328.1249605,692.8413231660048,26909.307777777867,27041.40952380951,NaN,-46.805862102550954,-93.43320815047628,-46.62734604792532
1685973600,26730.56,26814.54,26001.05,26006,27040.289399999976,27272.808600000008,27032.89644999999,5725.28828919,958.7667445555047,26776.366666666756,26993.343809523798,NaN,-90.37456551580601,-159.59555294268284,-69.22098742687683
1685980800,26002.62,26071.95,25464.58,25764.05,27017.57599999998,27258.779200000008,27027.34744999999,8696.19620043,1369.9223699200047,26625.26222222231,26930.887619047604,NaN,-127.75460991939227,-228.91424982611716,-101.15963990672489
1685988000,25762.05,25767.29,25394.23,25630.39,26992.213599999974,27243.38500000001,27021.096399999988,4750.58462392,1590.8155102450048,26466.78888888898,26863.251428571413,NaN,-152.09420564181556,-291.27739695899436,-139.1831913171788
1685995200,25630.32,25687.41,25524.1,25672.44,26966.364599999983,27228.19140000001,27015.05734999999,1409.06664771,1639.5508698060046,26335.852222222315,26796.8676190476,NaN,-155.42432376976234,-333.46359602938173,-178.0392722596194
1686002400,25669.24,25866.17,25661.92,25732.88,26943.656599999977,27212.699600000014,27009.39284999999,1507.77243913,1694.9620211930046,26214.471111111205,26734.374285714268,NaN,-143.88368775709492,-357.89388195598804,-214.01019419889312
1686009600,25734.58,25765.97,25624.55,25648.13,26918.596399999977,27195.57810000001,27003.173099999985,1066.64832062,1729.7408716015045,26081.942222222315,26662.748571428558,NaN,-132.56507693386314,-379.71654036622203,-247.1514634323589
1686016800,25647.57,25795.03,25612.61,25739.1,26896.86719999998,27177.59450000001,26997.40939999999,796.51396406,1758.4631500980045,25966.334444444536,26592.20904761903,NaN,-110.46278496897031,-385.2299446435718,-274.7671596746015
1686024000,25737.96,25820.89,25732.41,25779.97,26876.204999999976,27156.87120000001,26991.804749999992,540.76978264,1768.0678807270046,25855.946666666758,26524.410952380935,NaN,-85.70562717220662,-381.89919363985973,-296.1935664676531
1686031200,25779.71,25817.14,25722.21,25736.52,26850.72659999998,27133.416300000008,26985.68124999999,678.08502709,1779.9289904890047,25745.497777777873,26452.09428571427,NaN,-65.76802697860978,-378.4036001909153,-312.63557321230553
1686038400,25737.55,25790.65,25683.19,25762.41,26822.786799999983,27109.21380000001,26978.75964999999,612.55215855,1796.504680951505,25718.432222222316,26384.08619047617,NaN,-45.32137862169412,-369.28729648942317,-323.96591786772905
1686045600,25765.01,25800.76,25649.52,25693.18,26795.500399999983,27086.476100000007,26971.838849999993,778.91172333,1817.531899124005,25710.557777777874,26312.859047619026,NaN,-31.59455542415037,-363.45911214791704,-331.86455672376667
1686052800,25694.05,25784.52,25350.48,25742.86,26768.656999999977,27063.81510000001,26965.312649999993,5360.06380362,2063.8294803290046,25723.05444444454,26242.461904761887,NaN,-15.138602419077245,-350.7878097476132,-335.64920732853597
1686060000,25747.8,26142.98,25746.3,26073.11,26747.38899999998,27045.40580000001,26960.09569999999,4414.96270511,2170.644396418005,25767.57333333343,26188.682857142834,NaN,20.105093903081922,-310.51783994968355,-330.62293385276547
1686067200,26075.56,26773.08,26073.17,26669.52,26742.412199999977,27032.65290000001,26957.586849999992,6343.15363103,2433.663196572505,25871.64444444454,26167.041428571407,NaN,82.21693678452499,-227.85176287210925,-310.06869965663424
1686074400,26669.6,27210.69,26643.04,27092.6,26742.209599999976,27024.33170000001,26957.096549999995,4218.3582336,2560.4110432410052,26032.141111111207,26168.753333333316,NaN,146.66430326880766,-126.73832057062464,-273.4026238394323
1686081600,27097.89,27210.46,26895.86,27057.41,26742.080399999977,27015.720800000006,26956.838699999993,3095.06643294,2674.5581492015053,26178.620000000097,26178.588571428547,26178.620000000097,179.61709484340363,-48.88125528517776,-228.4983501285814
1686088800,27064.32,27364.77,27055.98,27238.18,26741.93659999997,27011.68480000001,26957.681399999998,2312.01654461,2764.6437847490056,26340.64333333343,26198.24904761903,NaN,204.47493621577954,27.09532014114302,-177.37961607463652
1686096000,27242.36,27391.67,27073,27094.56,26739.409199999976,27005.547700000006,26957.717249999998,2323.57327708,2842.1228490955054,26491.53666666676,26210.328571428556,NaN,201.78807879979834,74.8554824251114,-126.93259637468694
1686103200,27096.31,27098.93,26737.99,26910.54,26732.57559999998,26998.112800000006,26958.071899999995,2061.0497505,2900.9379257830055,26619.10666666676,26216.56523809522,NaN,178.9394378509882,96.74170093904831,-82.19773691193988
1686110400,26910.97,26977.72,26881.47,26923.64,26728.217599999978,26990.52400000001,26958.162599999992,1206.92413626,2894.877884571006,26755.824444444544,26223.716666666653,NaN,156.82344381372562,113.83156785521714,-42.99187595850847
1686117600,26922.91,26948.76,26766.78,26803.1,26721.249399999975,26981.037200000006,26957.608299999996,1092.44660467,2663.2358003450054,26873.628888888987,26227.170952380933,NaN,127.4399906761126,116.30811238663227,-11.131878289480323
1686124800,26803.6,26846.22,26438.86,26506.25,26708.058799999977,26968.301700000004,26955.723849999995,1862.28070567,2321.540025607005,26921.755555555654,26250.992380952364,NaN,83.49961031089975,93.24263459914437,9.743024288244616
1686132000,26495.25,26975.47,26369.59,26903.44,26702.499799999976,26958.91010000001,26955.676499999994,2736.67738471,2220.844663646505,26947.746666666768,26305.24904761903,NaN,76.84035621463485,105.79346955653818,28.953113341903332
1686139200,26904.06,26917.37,26683.18,26826.55,26695.81579999997,26949.518100000005,26956.00919999999,2167.06632707,2258.744647614505,26918.185555555658,26362.209047619028,NaN,63.46746613423227,108.28744600969367,44.8199798754614
1686146400,26825.1,26825.1,26264.68,26354.38,26680.03499999997,26935.5999,26954.014549999993,4570.20100251,2411.866075783505,26840.071111111214,26394.682380952363,NaN,21.217126732066298,71.34138829054427,50.124261558477976
1686153600,26353.63,26558.79,26260.5,26521.76,26666.88419999997,26922.1385,26953.66879999999,2542.31110641,2485.6492150730055,26760.46888888899,26432.248095238076,NaN,3.848022921997398,54.93429021097472,51.086267288977325
1686160800,26517.28,26535.33,26453.89,26488.25,26650.359399999972,26906.5587,26952.846599999993,1661.93036583,2528.920035161505,26693.101111111213,26472.25380952379,NaN,-9.844588232718003,38.78053199807982,48.625120230797826
1686168000,26491.19,26497,26139.37,26154.81,26630.05179999997,26889.860500000003,26949.803099999986,1738.83699432,2588.823395745505,26609.131111111208,26492.049523809503,NaN,-39.633449814751096,-0.9166920376410417,38.716757777110054
1686175200,26158.12,26379.62,26141.71,26351.68,26614.94619999997,26876.531499999997,26947.302899999988,1498.54342954,2629.846315868005,26545.580000000096,26519.273809523795,NaN,-44.01607003225027,-16.303329763202782,27.712740269047487
1686182400,26350.6,26472.43,26321.79,26450.09,26603.640399999967,26863.898100000002,26945.20314999999,1180.35927087,2658.236671484005,26506.35666666676,26553.253333333316,26506.35666666676,-38.42797182175993,-20.32222450815243,18.105747313607502
1686189600,26453.31,26455.7,26224.33,26350.3,26589.133799999967,26848.7459,26942.778949999993,1000.55837101,2669.319003868005,26489.028888888988,26581.248095238076,NaN,-39.44443365530571,-31.199794755524636,8.244638899781073
1686196800,26350.29,26437.57,26335.53,26382.55,26575.769799999973,26835.194800000005,26939.624549999993,584.94317859,2430.5629726165052,26431.152222222318,26614.075238095218,NaN,-36.03083499035246,-36.793904838159506,-0.7630698478070439
1686204000,26379.16,26521.49,26300.46,26450.42,26563.44819999997,26822.628100000005,26937.45959999999,637.15081296,2241.6723780090047,26389.360000000095,26647.76857142855,NaN,-27.664199965781076,-35.34331980503339,-7.679119839252313
1686211200,26450.61,26469.54,26378.58,26396.25,26550.46839999997,26809.0412,26935.15219999999,449.73501198,1947.001447056505,26394.01222222232,26663.15619047617,NaN,-24.356945925151166,-38.12530224569127,-13.768356320540105
1686218400,26393.14,26508.77,26377.55,26444.71,26536.31719999997,26796.8097,26933.055549999986,536.39612319,1762.903341536005,26385.451111111208,26652.45095238093,NaN,-17.789064346267676,-36.0046867533747,-18.215622407107023
1686225600,26447.23,26587.64,26311,26409.41,26520.09679999997,26789.9874,26930.555499999988,1919.63859308,1704.1319495430048,26376.691111111213,26619.918095238074,NaN,-14.826606445902708,-36.74888046448541,-21.9222740185827
1686232800,26410.16,26826.33,26359.9,26735.66,26510.735399999972,26785.552000000003,26929.940649999986,2056.67127403,1691.3646860140047,26441.230000000098,26604.596666666646,NaN,8.827813991545831,-10.887506529150414,-19.715320520696245
1686240000,26734.41,26742.92,26438.58,26495.06,26495.533199999976,26779.058000000005,26927.39314999999,1853.07205662,1667.839624991005,26457.16111111121,26569.20999999998,NaN,8.016388762087665,-9.694834568086662,-17.711223330174327
1686247200,26492.03,26582.61,26451.33,26551.89,26482.759399999977,26773.519600000003,26923.255799999988,1110.23036246,1620.298655589005,26468.47222222232,26543.36857142855,NaN,10.875798479901453,-4.11647523029751,-14.992273710198964
1686254400,26549.8,26658.29,26532.87,26582.71,26470.634599999976,26768.001200000002,26919.166849999987,992.46189796,1609.5755436740048,26494.295555555655,26527.7576190476,NaN,14.201435863840883,2.759521119602141,-11.441914744238742
1686261600,26581.46,26614.17,26503.96,26512.76,26456.465799999976,26763.9683,26915.17294999999,645.36823979,1587.221625430005,26508.76333333343,26508.191904761883,26508.76333333343,11.181686381655275,2.535193232830352,-8.646493148824923
1686268800,26511.1,26604.52,26446.09,26518.25,26442.781399999974,26758.563200000004,26911.34359999999,1033.04909852,1545.760045072505,26516.300000000097,26494.6276190476,NaN,9.13199083343099,2.768495392963814,-6.363495440467176
1686276000,26515.65,26546.92,26287.48,26496.65,26430.23459999997,26753.3606,26907.111049999985,1309.36684882,1474.3945182780049,26527.455555555654,26494.17047619046,NaN,6.048120558402457,1.1966552575358946,-4.851465300866562
1686283200,26493.98,26533.29,26432.4,26509.81,26419.297799999975,26747.475900000005,26903.462599999988,559.98196092,1394.0402999705047,26534.688888888988,26475.426190476173,NaN,4.6822282797180925,1.0013200487810536,-3.680908230937039
1686290400,26509.93,26582.4,26452.26,26503.56,26412.35159999998,26740.3158,26899.34069999999,944.53850435,1212.7571750625048,26545.150000000096,26460.045714285698,NaN,3.215361056590089,0.3382930898005725,-2.8770679667895167
1686297600,26503.31,26695.5,26501.03,26650.15,26408.84839999998,26735.913500000002,26896.53394999999,1184.39321358,1144.8612804210047,26535.648888888987,26474.129999999983,NaN,11.508663577853387,11.508761505527218,0.00009792767383043355
1686304800,26649.73,26680.98,26570.34,26620.43,26404.43919999998,26734.263300000002,26893.64499999999,758.23465976,1099.6764951175046,26549.578888888987,26478.828571428556,NaN,14.206779906849219,17.758572811235354,3.551792904386135
1686312000,26619.4,26786.7,26619.37,26650.18,26401.85139999998,26732.2129,26890.87109999999,1761.26913487,1100.7981021450046,26560.500000000102,26486.539523809504,NaN,17.01935855300046,24.82599109563671,7.806632542636249
1686319200,26647.23,26715.29,26459.95,26477.42,26395.93059999998,26728.902899999997,26887.11604999999,1917.92232759,1121.7670470475045,26548.801111111214,26501.901904761886,NaN,6.793734281324522,16.298800394291902,9.50506611296738
1686326400,26475.25,26531.04,26413.72,26501.07,26391.340799999984,26724.7365,26883.90664999999,1541.39019354,1139.8185931810044,26547.50222222232,26509.015714285695,NaN,1.4510041898500194,11.318821350279904,9.867817160429885
1686333600,26501.12,26518.37,26384.48,26408.46,26399.38999999998,26719.839699999997,26881.99384999999,1626.96025248,1171.1386872545042,26535.303333333435,26507.033333333315,NaN,-7.973896414510243,-0.09955335770791862,7.874343056802324
1686340800,26407.87,26492.24,26394.44,26479.76,26413.704199999982,26715.640099999997,26880.499949999987,989.02730173,1191.342893411504,26533.426666666768,26513.198095238076,NaN,-8.98482614873746,-3.3566896291195008,5.628136519617959
1686348000,26478.83,26503.45,26460.21,26488.23,26430.860999999983,26711.537299999996,26879.532449999988,562.68128949,1187.6194172380042,26531.02888888899,26518.230476190452,NaN,-8.658232921547237,-5.194654632316087,3.4635782892311497
1686355200,26488.73,26537.44,26319.77,26403.15,26445.475199999983,26705.919899999997,26877.789949999988,854.29032638,1207.8471829580042,26519.872222222326,26515.9795238095,NaN,-13.460835356840219,-13.362465906819125,0.09836945002109454
1686362400,26402.11,26437.36,26270.62,26329.47,26457.406999999985,26700.531799999997,26875.727149999988,1318.76464584,1246.9656090905041,26484.241111111212,26512.7995238095,26484.241111111212,-20.46835657461206,-25.48707626824398,-5.018719693631921
1686369600,26329.83,26355.42,25488.73,25528.86,26455.021599999982,26686.808999999994,26871.12859999999,6787.77519916,1490.3724393945042,26362.955555555658,26469.187619047596,NaN,-74.83485516127206,-98.562288645222,-23.727433483949937
1686376800,25532.14,25753.4,25482.97,25666.12,26453.561999999987,26675.214599999996,26867.90874999999,2524.28607484,1513.753179435004,26253.615555555658,26433.79285714283,NaN,-96.01182543747959,-143.74221528079943,-47.73038984331984
1686384000,25667.03,25764.72,25582.53,25671.86,26451.399799999985,26663.802399999993,26864.862399999995,1349.23185841,1488.561169524504,26164.10888888899,26383.135714285687,NaN,-103.4505793554769,-177.04361403766598,-73.59303468218907
1686391200,25672.12,25759.03,25619.44,25750.72,26451.683799999984,26651.205199999997,26862.366749999994,999.2563868,1483.012470741504,26080.736666666766,26347.690952380926,NaN,-96.986401266691,-194.82603626555283,-97.83963499886183
1686398400,25749.36,25751.28,25589.32,25679.07,26450.01699999998,26636.401899999993,26858.940799999993,1961.58820389,1531.4687860380043,25999.693333333435,26306.128095238066,NaN,-91.53114259194389,-212.25356323879168,-120.7224206468478
1686405600,25678.76,25722.32,25617.2,25647.36,26449.100599999983,26622.300499999994,26855.529949999993,1377.60824407,1568.0807862520044,25907.20444444455,26261.58761904759,NaN,-84.23673325232332,-226.01833721225194,-141.78160395992862
1686412800,25646.86,26164.05,25425.38,26032.27,26454.888799999986,26611.772899999996,26855.078749999986,3500.04647451,1691.4306550515043,25856.542222222328,26238.707142857114,NaN,-49.39225724311743,-203.5219255138254,-154.12966827070798
1686420000,26032.37,26056.35,25399.63,25764.89,26448.724399999985,26598.056699999994,26852.995049999983,2991.34754099,1775.5296896600044,25785.624444444547,26202.83285714283,NaN,-40.6215871754124,-204.90665223997348,-164.28506506456108
1686427200,25764.92,25891.43,25698.56,25785.09,26431.035799999983,26586.723999999995,26850.63464999999,1583.23959613,1826.6925714205045,25725.13777777788,26168.94904761902,NaN,-30.207977981311245,-202.04503754120014,-171.8370595598889
1686434400,25786.67,25942.69,25769.6,25858.78,26406.359399999987,26574.284499999998,26849.27769999999,1069.09211872,1832.9202521390046,25761.79555555566,26137.94761904759,NaN,-15.82804804356499,-191.62211961434514,-175.79407157078015
1686441600,25858.78,25880.31,25738.52,25848.71,26382.18539999998,26562.132899999997,26847.120349999987,900.89088452,1818.7451356860045,25782.083333333438,26106.76428571426,NaN,-5.025216991332769,-182.0755928099461,-177.05037581861333
1686448800,25848.43,25850.59,25716.35,25745.97,26352.34119999998,26547.138899999998,26844.379749999993,802.09784187,1820.9382947915049,25790.317777777884,26063.708095238067,NaN,-2.9332738951779334,-180.71696818758573,-177.7836942924078
1686456000,25745.87,25848,25658,25839.09,26327.231799999983,26533.320499999994,26841.85364999999,973.6276518,1781.5562206380048,25800.13666666677,26026.501428571402,NaN,6.09520343405606,-170.16468999983772,-176.25989343389378
1686463200,25840.09,25842.09,25758.45,25759.22,26304.20539999998,26518.390499999994,26839.525799999992,401.30918321,1705.7255634190049,25809.042222222328,25984.074761904736,NaN,7.944368471758821,-166.32943284419525,-174.27380131595407
1686470400,25758.71,25786.42,25714.03,25724.09,26280.214399999983,26504.215999999993,26836.39609999999,494.64171498,1653.3881394910052,25817.56777777788,25948.20190476188,NaN,8.033838821118024,-164.23150278955654,-172.26534161067457
1686477600,25722.91,25857.68,25720.64,25815.98,26260.47199999998,26490.860699999994,26833.120549999992,552.17002397,1599.6486280655051,25793.535555555656,25915.578571428545,NaN,15.103485361586706,-153.38598490869117,-168.48947027027788
1686484800,25816.89,25819.02,25697.48,25723.97,26244.826399999976,26476.442599999995,26829.33294999999,638.52320358,1582.1234231580052,25788.98888888899,25882.983809523783,NaN,14.407076282142356,-150.48062491759993,-164.88770119974228
1686492000,25721.74,25824.88,25714.81,25771.94,26222.19639999998,26462.348099999996,26825.77819999999,670.06843831,1587.4927805990053,25787.52777777788,25849.27809523807,NaN,17.779920848438167,-142.6628001391946,-160.44272098763275
1686499200,25770.01,26085.14,25754.75,25958.3,26204.831399999977,26450.323599999992,26823.44124999999,1834.11015252,1636.4837719060054,25798.585555555655,25824.043333333313,NaN,32.317687139420514,-120.04561206335711,-152.36329920277763
1686506400,25963.65,26114.75,25941.26,26047.89,26198.701599999975,26439.36829999999,26821.463649999994,1309.51157065,1636.0211181465052,25820.71666666677,25807.12619047617,25820.71666666677,46.84202246163895,-93.81077112572893,-140.65279358736788
1686513600,26048.75,26215.25,25988.29,26058.81,26189.442599999973,26428.16339999999,26819.97619999999,1557.41050311,1374.502883344005,25855.47666666677,25794.237619047595,NaN,55.46925179803263,-71.31622883982709,-126.78548063785972
1686520800,26058.59,26083.08,25763.98,25940.01,26178.477799999975,26414.418599999994,26817.12814999999,1629.46642609,1329.7619009065052,25866.690000000104,25813.816190476162,NaN,51.54318273525254,-62.35650221879405,-113.89968495404659
1686528000,25939.77,26030.73,25871.99,25946.91,26174.319799999976,26402.185799999992,26814.60189999999,938.35447543,1309.218031757505,25887.54444444455,25827.187142857118,NaN,47.859163463780234,-54.075730624321295,-101.93489408810153
1686535200,25947.47,25967.68,25625.8,25801.64,26163.318999999974,26389.13259999999,26811.23149999999,1546.77543,1336.593983917505,25896.161111111214,25833.367142857114,NaN,34.69976407239349,-58.56018899760966,-93.25995307000315
1686542400,25802.48,25828.99,25769.08,25782.47,26149.966599999974,26376.80349999999,26807.414949999988,584.47006021,1267.7380767335048,25892.437777777883,25834.879047619022,NaN,24.259537077485973,-62.93553172314569,-87.19506880063166
1686549600,25780.35,25910.16,25760.39,25815.13,26139.26319999998,26364.19849999999,26802.624349999987,646.98729313,1231.207029186505,25902.56666666677,25841.35809523807,NaN,19.32330573576533,-63.04093663092499,-82.36424236669032
1686556800,25814.97,26108.74,25794.28,25973.72,26131.086599999977,26353.428199999995,26798.85549999999,1253.79427808,1118.894419365005,25924.98666666677,25856.89904761902,NaN,26.088154325102124,-49.75404946031267,-75.8422037854148
1686564000,25973.47,26063.22,25947.71,25997.51,26122.028399999974,26342.73829999999,26794.93114999999,974.44919713,1018.049502172005,25929.343333333436,25855.24380952378,NaN,31.1703073227811,-36.879319631938415,-68.04962695471951
1686571200,25998.36,26000.71,25791.61,25806.28,26110.228999999978,26330.34869999999,26790.24739999999,1630.75444378,1020.425244554505,25902.497777777884,25857.21476190474,NaN,21.138246955275257,-41.62681826062544,-62.7650652159007
1686578400,25807.25,25883.66,25746.34,25833.49,26098.004599999975,26317.160899999995,26785.820899999988,1747.15544208,1054.328410722505,25877.462222222326,25859.519523809497,NaN,16.050939786793442,-42.7013904824089,-58.75233026920234
1686585600,25833.15,25962.52,25660.28,25812.22,26086.060799999977,26303.07879999999,26781.258449999987,2485.69270552,1133.568501772505,25863.263333333438,25857.30238095236,NaN,11.199129495394168,-44.75341839995963,-55.952547895353796
1686592800,25810.8,25864.34,25764.12,25829.53,26067.93819999998,26289.336799999994,26776.57084999999,1334.0318207,1160.1652007140049,25850.221111111216,25856.38904761902,25850.221111111216,9.185824385540805,-44.47026741342779,-53.656091798968596
1686600000,25828.24,25943.89,25815.56,25932.98,26056.696599999977,26276.114899999993,26772.499149999992,995.16793493,1161.2422148705048,25864.81444444455,25865.29428571426,NaN,14.53349732256207,-35.48922014576601,-50.02271746832808
1686607200,25934.24,25970.65,25877.18,25912.41,26043.906999999974,26263.333199999994,26768.362799999988,713.28514514,1176.8410129670046,25879.252222222327,25868.785714285692,25879.252222222327,16.266763394666746,-29.689263224994647,-45.956026619661394
1686614400,25910.95,26045.29,25827.46,25974.03,26031.733399999976,26251.18399999999,26764.648749999986,1821.81124223,1243.1994893295046,25896.90777777788,25879.01476190474,NaN,20.851827139920417,-19.891242694760876,-40.74306983468129
1686621600,25973.32,26152.32,25944.2,26061.32,26022.704599999975,26239.58519999999,26761.408749999988,1753.57297849,1303.2696370555045,25906.641111111214,25895.073333333312,NaN,28.5746596984752,-5.0247452115872875,-33.59940491006249
1686628800,26062.48,26120.29,25984.43,26087.97,26014.098999999977,26228.440199999997,26758.647499999985,967.14569739,1319.7007617460044,25916.692222222326,25908.02523809522,NaN,33.924310753011184,8.805983531201491,-25.118327221809693
1686636000,26091.24,26135.36,26065.99,26078.47,26005.735399999976,26217.984999999997,26755.542899999986,639.3094481,1318.1628122355046,25946.93555555566,25924.90619047617,NaN,35.121731155437146,18.78383672248674,-16.337894432950407
1686643200,26078.2,26273.76,26068.18,26157.14,25998.681999999975,26208.989899999993,26752.48479999999,1620.44286531,1307.4794478750046,25982.89666666677,25943.249047619025,NaN,39.20059696016669,32.66285176725796,-6.537745192908732
1686650400,26158.71,26215.88,26097.64,26195.93,25992.529399999978,26202.440499999997,26749.72839999999,1594.11039633,1321.7093891590046,26025.531111111213,25954.564761904738,NaN,42.237281511706385,46.25885669672425,4.0215751850178645
1686657600,26194.18,26427.68,25901.43,26042.22,25980.37079999997,26194.609599999996,26746.019649999987,3900.13627785,1438.8456778960046,26049.163333333436,25954.294761904737,NaN,32.080391428888426,44.1220644711284,12.041673042239971
1686664800,26041.38,26053.04,25721.55,25759.85,25963.159199999976,26183.799199999998,26740.44554999999,3067.45490411,1510.7451017970047,26029.926666666768,25940.058571428548,NaN,5.902567000835807,19.41988179328473,13.517314792448923
1686672000,25752.57,25889.9,25738.93,25821.85,25946.592599999974,26174.221999999998,26733.99089999999,1492.53420234,1538.4540881425048,26019.864444444553,25934.43190476188,NaN,-6.98114813968577,4.790879617841711,11.77202775752748
1686679200,25821.35,25973.68,25806.57,25896.39,25934.97199999998,26165.4513,26727.491199999986,1035.84676579,1512.9076549320048,26011.237777777882,25932.026190476165,NaN,-10.040802538455534,-0.778975415541936,9.261827122913598
1686686400,25897.78,25959.77,25824.47,25854.24,25922.03539999998,26156.688099999996,26720.880649999985,1271.99633698,1547.2839687705048,25988.228888888993,25934.530952380926,NaN,-14.206532019410687,-8.496337901349762,5.710194118060926
1686693600,25852.24,25937.63,25812.63,25936.28,25912.59179999998,26155.990899999993,26714.399749999986,676.91239062,1548.7802236450048,25971.374444444547,25941.855238095213,NaN,-10.88925828103828,-7.901378733236925,2.987879547801356
1686700800,25936.51,26050.81,25913.58,26039.46,25903.785799999976,26158.744999999995,26708.762099999985,908.10445247,1531.4957323645046,25967.040000000103,25952.537619047594,NaN,-1.68175583015086,0.8856847601127811,2.567440590263641
1686708000,26043.23,26052.74,25966.4,25984.48,25893.71079999998,26162.285899999995,26702.835449999984,544.38024282,1509.9922846490047,25947.855555555656,25953.049999999974,25947.855555555656,0.6453867242097111,3.37417399552578,2.728787271316069
1686715200,25984.05,26003.32,25839.76,25848.87,25882.625199999977,26164.05019999999,26696.120799999982,557.69974155,1456.3395495375048,25909.293333333433,25945.97190476188,NaN,-6.609028868481372,-5.5324988142856455,1.076530054195726
1686722400,25848.62,25924.18,25844.64,25902.4,25874.083799999975,26165.745399999996,26689.22249999998,541.22088034,1396.0428214505048,25893.75777777788,25950.549047619028,NaN,-7.403154781261785,-8.177413422381505,-0.7742586411197203
1686729600,25901.9,25996.05,25894.35,25984.94,25883.205399999977,26169.113499999996,26682.34579999998,659.20730579,1304.7185514640048,25918.767777777874,25957.76095238093,NaN,-2.238243172098608,-3.57206260624298,-1.333819434144372
1686736800,25986.44,26022.25,25952.24,25978.84,25889.459799999975,26171.510899999994,26674.552699999986,562.00681919,1266.1173013885048,25936.21111111121,25965.695238095213,NaN,0.7392281970499184,-0.4097841878319741,-1.1490123848818925
1686744000,25978.84,26076.91,25930.25,25990.07,25895.823999999975,26173.611899999996,26665.241549999984,1418.24881369,1287.2713453265046,25946.620000000097,25973.33999999998,NaN,3.2938456956793916,2.9682947347173467,-0.3255509609620446
1686751200,25990.93,26030.14,25953.14,25986.09,25900.531399999978,26176.107599999992,26654.761949999986,990.76379138,1301.1452776385047,25961.2700000001,25975.869047619024,NaN,4.471335302438397,5.263618167085951,0.7922828646475546
1686758400,25985.02,26038.38,25884.27,26011.41,25907.17819999998,26178.597599999994,26643.90569999999,1324.39059427,1276.2742452405048,25969.61777777788,25980.58333333331,NaN,6.583608347326178,9.021793298805278,2.4381849514790996
1686765600,26015.23,26086.2,25764.95,25872.87,25911.68839999998,26180.39449999999,26633.43529999999,3008.93480526,1339.0423365790048,25951.107777777877,25975.766190476166,NaN,-1.301111070226567,0.8117961136958911,2.112907183922458
1686772800,25871.06,25875.07,24824.75,25124.91,25893.54119999998,26174.21499999999,26619.015049999984,9912.89810799,1786.3299571090051,25855.6000000001,25931.175238095213,NaN,-53.927216856998115,-65.29611388732519,-11.368897030327073
1686780000,25123.63,25141.7,24961.1,25130.06,25880.844599999982,26164.784499999994,26605.095149999986,2307.46638575,1869.737803991505,25775.732222222323,25885.56047619045,NaN,-83.65297757615579,-115.93511900052181,-32.28214142436602
1686787200,25128.85,25205.6,25029.29,25067.32,25866.48919999998,26148.762499999997,26590.707699999984,1554.50061414,1866.4406914330052,25682.945555555652,25837.41047619045,NaN,-101.60889130338057,-159.29325555359173,-57.68436425021116
1686794400,25067.82,25125.84,25052.01,25058.44,25850.48239999998,26128.420899999994,26576.376299999985,1035.72994904,1838.5216690685054,25580.00111111121,25785.091428571403,NaN,-107.57760769769857,-192.15637387233437,-84.5787661746358
1686801600,25058.21,25058.89,24907.65,24996.1,25833.43019999998,26107.807799999995,26561.764299999984,1806.07353938,1733.8185321450055,25470.807777777878,25727.956666666636,NaN,-108.88659223716859,-220.68700647109654,-111.80041423392795
1686808800,24996.23,25038.7,24846.49,24930.68,25817.124399999982,26084.732799999994,26548.208799999986,2501.05044089,1705.4983089840055,25353.097777777875,25675.026190476165,NaN,-107.1547118268287,-245.74380401746384,-138.58909219063514
1686816000,24930.66,24989.44,24844.89,24896.55,25798.27359999998,26062.75269999999,26534.150199999985,1371.79919643,1699.4615586885054,25232.037777777874,25633.91666666664,NaN,-101.36658224592148,-265.297319998037,-163.9307377521155
1686823200,24896.04,25012.36,24770.53,24982.8,25782.745199999983,26043.475299999987,26520.794049999982,1902.31285371,1742.784863084505,25117.747777777873,25593.961904761876,NaN,-85.42609226890994,-270.7133530882529,-185.28726081934298
1686830400,24988.36,25062.45,24887.05,25017.74,25768.61819999998,26024.416299999986,26507.470149999986,3198.29942608,1839.100017539505,25022.733333333428,25552.1214285714,NaN,-67.03770729081293,-269.08439493285914,-202.0466876420462
1686837600,25018.88,25053.02,24935.14,24939.33,25751.085199999976,26005.778599999983,26493.407899999987,2662.32834746,1938.3708153815053,25002.113333333426,25508.554285714257,NaN,-55.15991837404198,-270.9965856095987,-215.83666723555672
1686844800,24939.33,25141.63,24908.94,25124.86,25739.10299999998,25991.964699999982,26480.13319999999,1913.21166945,1988.6261762305053,25001.53555555565,25469.915238095207,NaN,-31.01574345972199,-254.6063465602092,-223.59060310048721
1686852000,25125.13,25495.04,25075.05,25442.18,25732.507799999978,25977.352099999986,26468.131099999984,3481.99641742,2135.506984960505,25043.18666666676,25441.473333333302,NaN,8.032308080820258,-213.5502179994619,-221.58252608028215
1686859200,25440.78,25746.69,25212.62,25569.88,25724.73939999998,25964.785399999986,26457.15174999999,3777.91477414,2296.5177365900054,25100.01333333343,25421.730476190445,NaN,42.25544470101667,-168.7632202040113,-211.01866490502798
1686866400,25569.33,25648.39,25543.17,25582.77,25715.436999999984,25957.069299999985,26446.33459999999,3399.02257519,2439.4078213325056,25165.198888888983,25409.05904761902,NaN,64.23717006181658,-130.72220232775726,-194.95937238957384
1686873600,25582.77,25583.49,25432.75,25509.04,25704.441599999984,25946.942099999986,26434.540299999993,1198.99626041,2466.3972690635055,25229.46111111121,25390.32761904759,NaN,71.71960208998038,-105.30986977709836,-177.02947186707874
1686880800,25507.54,25590.21,25479,25550.15,25696.64439999998,25937.561099999984,26422.05989999999,632.58509187,2469.9261826975057,25302.08333333343,25369.623333333304,NaN,76.88727353646343,-80.92037994649945,-157.80765348296288
1686888000,25550,25607.67,25460.69,25543.18,25688.569799999983,25931.444799999983,26410.652649999993,762.94990408,2437.1612372170057,25364.347777777875,25348.877619047595,25364.347777777875,77.08960509287388,-61.44564711687053,-138.5352522097444
1686895200,25540.05,25606.44,25516.98,25523.31,25683.00319999998,25923.161099999983,26399.84629999999,879.74511117,2431.6103032065057,25420.52222222232,25326.65095238092,NaN,73.17020057940593,-47.07250148548701,-120.24270206489294
1686902400,25523.78,25607.94,25523.68,25577.65,25678.90679999998,25914.436699999984,26389.16739999999,934.08953615,2412.0952503005055,25491.446666666765,25307.2014285714,NaN,71.44197255372057,-30.94023637274222,-102.3822089264628
1686909600,25577.29,25581.51,25455.22,25458.53,25671.774799999977,25905.518999999986,26377.13244999999,1062.35143126,2314.766081600506,25528.52111111121,25280.873809523782,NaN,59.945085396810924,-27.450852180449147,-87.39593757726007
1686916800,25457.23,25606.64,25455.49,25476.16,25661.823599999974,25896.455099999985,26365.824949999995,1385.71090587,1888.4067214945062,25532.296666666763,25261.98285714283,NaN,51.51851632110113,-22.99779217588366,-74.51630849698479
1686924000,25476.17,25858.59,25170.56,25808.62,25658.045799999978,25890.037099999987,26356.332599999994,4339.76925539,1990.021864976506,25558.823333333436,25294.540476190446,NaN,65.43239179183026,7.274181242803024,-58.15821054902723
1686931200,25814.01,26312.77,25761.43,26302.67,25667.973599999976,25889.10129999998,26349.071249999994,5808.47265365,2202.720466952006,25638.81222222232,25350.37904761902,NaN,102.7825993939625,70.32003869342589,-32.46256070053661
1686938400,26304,26509.64,26262.97,26374.42,25678.792199999974,25888.398399999984,26342.604049999994,4508.77661063,2376.372800031506,25734.965555555656,25412.621904761872,NaN,125.67982457305496,124.63722001578208,-1.042604557272874
1686945600,26373.95,26442.6,26281.16,26292.64,25688.40059999998,25887.23069999998,26338.609049999992,1667.3190115,2369.4350736375063,25817.464444444544,25471.393333333304,NaN,128.23351432188485,159.2492883450832,31.01577402319834
1686952800,26293.14,26377.6,26293.14,26336.15,25698.53299999998,25883.23559999998,26334.393799999994,897.5205663,2289.258579908006,25905.572222222323,25535.20523809521,NaN,125.60584652799925,188.0230821831974,62.417235655198155
1686960000,26336.15,26361.71,26188.49,26193.37,25703.740799999978,25880.218699999983,26329.638349999994,924.33780993,2266.885510583006,25980.023333333433,25595.333333333307,NaN,107.69347716940311,197.03408211695205,89.34060494754894
1686967200,26194.78,26282.07,26179.02,26252.77,25710.54799999998,25877.227499999983,26325.373549999997,623.57349853,2202.9485428240064,26055.03666666677,25659.915238095207,NaN,93.79714903652487,206.58704124320502,112.78989220668015
1686974400,26253.27,26804.05,26239.17,26678.5,25724.637399999978,25878.18539999998,26323.093299999997,1831.71575092,2134.6193590660064,26190.58888888899,25740.66285714283,NaN,106.3110083340562,245.6786526242504,139.3676442901942
1686981600,26679.93,26770.51,26557.22,26587.79,25735.166799999977,25878.93569999998,26321.451999999994,1193.35998491,2061.170940938506,26314.103333333434,25815.427142857116,NaN,101.52196568556977,266.2701013971564,164.74813571158663
1686988800,26586.79,26647.46,26563.22,26588.96,25745.18659999998,25879.64279999998,26319.103,579.03400924,1994.462057928006,26400.80777777788,25893.980952380924,NaN,91.77102669537419,279.46191908080436,187.69089238543017
1686996000,26586.01,26627.27,26475.75,26501.17,25753.640599999977,25879.68799999998,26316.524299999997,734.96576249,1857.110525181506,26422.863333333436,25959.519523809497,NaN,73.53484343420251,279.6094466781833,206.0746032439808
1687003200,26501.17,26572.28,26415.5,26548.02,25761.458199999975,25880.07009999998,26313.772999999997,1073.01787147,1721.8656800480062,26442.152222222325,26012.178571428543,NaN,59.361053784550535,280.27592047466896,220.91486669011843
1687010400,26547.02,26551.07,26310.46,26407.47,25765.68899999998,25879.109199999977,26309.7125,1206.05743608,1612.2174230925061,26454.911111111214,26052.06380952378,NaN,36.38178117495687,266.39209315881453,230.01031198385766
1687017600,26407.47,26493.26,26380.93,26420.02,25773.244999999977,25876.807899999978,26306.360700000005,1004.19282352,1602.477251248006,26464.2300000001,26091.932857142827,NaN,18.775576770173984,253.47978294657514,234.70420617640116
1687024800,26417.15,26528.69,26412.41,26472.55,25787.49899999998,25875.329099999974,26304.7962,631.48431086,1602.4222121975058,26495.250000000102,26137.814285714256,NaN,7.968690612376122,244.6650694418713,236.6963788294952
1687032000,26474.29,26546.93,26465.05,26517.54,25801.41279999998,25874.002699999975,26303.1078,708.04678612,1599.677056299506,26524.66888888899,26183.880476190447,NaN,1.4906527940365777,238.5596948220409,237.06904202800433
1687039200,26518.83,26587.76,26496.05,26515.09,25813.78679999998,25874.379399999976,26301.641150000003,506.74293241,1581.026947361506,26506.512222222325,26230.161904761877,NaN,-4.9654647727293195,230.86221106209268,235.827675834822
1687046400,26516.97,26533.73,26383.73,26488.63,25826.474599999976,25874.254999999972,26299.495750000006,629.70156416,1565.807548762006,26495.494444444546,26276.129523809494,NaN,-12.590347609031596,220.0897413235325,232.6800889325641
1687053600,26488.65,26541.24,26464.59,26539.82,25838.545399999977,25875.568599999977,26297.704150000005,287.3886433,1527.0594093640061,26490.034444444544,26321.947142857116,NaN,-15.563943371325138,213.22515971840767,228.7891030897328
1687060800,26540.23,26641.97,26497.43,26542.15,25848.599199999975,25876.192499999972,26295.916300000004,629.42048708,1489.2448884245061,26494.58777777788,26373.548095238068,NaN,-18.54897938146547,205.60287886290098,224.15185824436645
1687068000,26540.85,26669.14,26478.3,26584.42,25860.59799999998,25877.15439999997,26294.345850000005,614.43790297,1302.978320803506,26498.63222222232,26426.322380952355,NaN,-18.793551028172487,200.65991945915084,219.45347048732333
1687075200,26585.66,26597.25,26458.07,26526.22,25874.144999999975,25878.38509999997,26292.152500000004,416.30384863,1033.369880552506,26511.826666666762,26460.49380952378,NaN,-23.67655823305921,189.8577726959993,213.5343309290585
1687082400,26526.2,26532.64,26479.82,26503.93,25886.17559999998,25880.12969999997,26290.33075,374.14137443,826.6381187425059,26521.150000000096,26470.07761904759,NaN,-28.86521570474156,177.45281129813156,206.31802700287312
1687089600,26503.95,26571.09,26459.52,26494.46,25896.365999999984,25889.78569999997,26288.297350000004,625.9037246,774.5673543975059,26523.584444444543,26475.793809523784,NaN,-33.08951872813759,164.95612859270113,198.04564732083873
1687096800,26494.45,26570.27,26462.72,26558.59,25907.96099999998,25898.710399999967,26286.962500000005,464.05756222,752.8942041935059,26528.145555555657,26488.458095238067,NaN,-31.715540357698785,158.40122187371526,190.11676223141404
1687104000,26558.59,26657.85,26529.21,26633.13,25920.822199999984,25908.32309999997,26286.062750000005,1060.8695861,759.7207930020058,26541.26111111121,26502.59999999997,NaN,-26.168065870699365,157.40667989303984,183.5747457637392
1687111200,26633.63,26655.79,26584.42,26653.08,25934.16199999998,25917.346699999965,26284.275950000007,496.12454762,753.3483454565059,26559.53333333343,26524.490952380926,NaN,-21.71969660369669,156.42512500911835,178.14482161281504
1687118400,26653.49,26698.03,26359.97,26412.2,25942.17779999998,25924.67799999997,26280.539950000006,1467.85713124,735.1554144725058,26545.353333333434,26532.08285714283,NaN,-34.789473734501655,134.65797944468795,169.4474531791896
1687125600,26416.16,26460.69,26260.37,26342.29,25951.56619999998,25931.62729999997,26276.963900000006,1201.21072744,735.5479515990058,26523.146666666766,26516.07285714283,NaN,-47.16394809984507,110.49251805438325,157.65646615422833
1687132800,26341.04,26450.94,26266.18,26442.89,25977.92579999997,25935.733499999973,26273.753200000003,602.80171972,736.7363371230059,26507.421111111213,26509.17285714283,26507.421111111213,-47.46488373241405,98.32536148871077,145.79024522112482
1687140000,26442.38,26471.03,26385.56,26399.92,26003.322999999975,25942.08379999997,26270.070250000004,539.42111133,726.959104565006,26493.387777777876,26500.170952380922,NaN,-49.23670357058376,84.24436575789514,133.4810693284789
1687147200,26400.77,26470.64,26371.44,26467.1,26031.318599999977,25948.903899999972,26267.813950000003,335.41098632,690.078760307506,26489.295555555655,26498.548571428546,NaN,-44.695827332832366,77.61128516243843,122.3071124952708
1687154400,26467.19,26476.29,26389.56,26430.52,26058.760199999975,25954.62129999997,26264.4529,603.35340825,659.9435589160059,26482.19111111121,26492.953333333306,NaN,-42.95616569395756,68.61190537782386,111.56807107178142
1687161600,26429.27,26456.4,26370.85,26394.59,26086.729999999978,25960.08009999997,26261.106500000005,704.47623753,644.957729616506,26463.96888888899,26492.339999999975,NaN,-42.924059762641875,57.91299636847907,100.83705613112095
1687168800,26395.34,26445.95,26371.5,26445.49,26117.02619999998,25967.07529999997,26257.107100000005,561.30815069,641.4489216080059,26443.120000000097,26493.55285714283,NaN,-38.32477934981338,52.931081943854224,91.2558612936676
1687176000,26445.66,26576.6,26429.73,26530.8,26149.711199999976,25973.992399999974,26253.65645,1247.19737435,668.406451019506,26429.533333333427,26496.32666666664,NaN,-28.82066859563153,55.230025549128186,84.05069414475972
1687183200,26531.8,26539.34,26349.74,26440.7,26178.869199999976,25980.807199999974,26249.59885,1278.4978572,706.994197259006,26432.7000000001,26492.667619047592,NaN,-27.86909467307521,49.214325803415704,77.08342047649091
1687190400,26440.22,26697.59,26306.34,26661.89,26211.752199999977,25990.18519999997,26247.2006,2099.82164576,780.500201339006,26468.21111111121,26499.658095238072,NaN,-12.398648349935229,61.58511003907188,73.98375838900711
1687197600,26662.02,27051.86,26378.71,26676.87,26246.50299999998,25998.794099999974,26244.8274,5563.28924992,1044.295231670006,26494.208888888985,26508.621904761872,NaN,-1.7706218716306523,71.7704810494688,73.54110292109945
1687204800,26681.62,26857.48,26652.89,26770.27,26279.411199999977,26009.257099999977,26242.84985,1538.4100324,1089.744708936006,26535.358888888986,26519.595714285682,26535.358888888986,10.27374775320611,86.38328761260709,76.10953985940098
1687212000,26770.8,26856.33,26725.53,26844.45,26307.45659999998,26019.982199999973,26241.165149999997,1075.22955866,1112.784291720506,26577.286666666765,26533.990952380922,NaN,21.324476617178647,102.76513563087428,81.44065901369564
1687219200,26844.29,27180.33,26802.35,26896.89,26333.996799999975,26029.368099999974,26239.845849999998,2838.78530652,1233.9083646150061,26629.105555555652,26548.870476190437,NaN,29.73711442764713,118.61205204825455,88.87493762060743
1687226400,26908.01,26968.09,26876.3,26896.58,26360.272999999976,26037.854999999967,26238.61165,801.06542784,1255.254567285506,26684.88222222232,26566.506666666628,NaN,32.62108483348236,129.65129366246038,97.03020882897802
1687233600,26898.6,27031.31,26798.85,26818.79,26386.46799999998,26045.45479999997,26236.8091,1028.66102571,1275.392432341006,26726.3600000001,26581.499999999967,NaN,26.869668480475354,130.6172944295722,103.74762594909686
1687240800,26819.2,26844.88,26753.58,26832.98,26412.124599999977,26054.38449999997,26234.40155,1028.59602649,1303.6193555545058,26759.935555555654,26597.619999999963,NaN,21.815965059569095,131.01758227355822,109.20161721398912
1687248000,26833.25,26836.76,26704.07,26775.51,26436.771199999977,26062.67049999997,26232.428149999996,846.04242822,1292.8779976605058,26797.136666666764,26607.94952380949,NaN,12.841601285262115,125.25361882056677,112.41201753530466
1687255200,26776.03,26899.03,26749.57,26896.26,26464.230199999976,26073.616699999966,26231.374649999994,647.96068114,1300.4698043365058,26823.177777777877,26620.47952380949,NaN,13.224609974411521,128.94278000331906,115.71817002890754
1687262400,26897.39,26970.39,26786.07,26815.11,26488.979399999982,26083.943099999968,26230.373299999996,2562.97492125,1355.225693837006,26838.537777777874,26628.195238095203,NaN,6.537632606862417,123.89021078748556,117.35257818062314
1687269600,26805.93,27134.67,26652.1,27082.75,26521.463799999976,26096.61929999997,26230.40889999999,3451.34076106,1467.732195518006,26873.25777777787,26660.126190476152,NaN,18.01392972650993,139.86999033876054,121.85606061225062
1687276800,27083.18,27974.08,27007.93,27792.99,26567.80039999998,26114.81199999997,26234.120099999993,9602.11816253,1917.6980176585062,26978.651111111205,26729.207142857107,NaN,68.47764957094142,207.4531225759274,138.975473004986
1687284000,27797.06,28158.92,27787.99,28001.13,26611.65059999998,26134.84819999997,26238.79325,10799.22003969,2430.6879640765064,27101.344444444538,26803.409047619014,NaN,108.53361566795814,274.6424925899337,166.10887692197554
1687291200,28001.36,28313.58,27886.33,28142.05,26648.438199999975,26158.20589999997,26244.277299999994,4674.06621689,2647.6207256050066,27239.73000000009,26886.367619047585,NaN,135.42920998962032,335.3953894090009,199.9661794193806
1687298400,28143.82,28408.78,28117.16,28317.58,26687.30139999998,26183.046799999967,26250.10385,3364.71788238,2785.6889493115063,27406.262222222314,26974.485714285685,NaN,154.5662855247044,393.1740363252611,238.60775080055672
1687305600,28317.8,29030,28281.56,28795.09,26737.350399999974,26212.87549999997,26257.97715,6095.87659126,3055.2589669980066,27624.274444444538,27087.084285714252,NaN,186.75664495918443,472.05355699953725,285.2969120403528
1687312800,28792.8,28898.37,28672.19,28714.69,26784.92119999997,26241.727099999967,26265.531949999997,2066.8240234,3130.5347606335063,27839.738888888984,27197.565238095205,NaN,189.41090903270913,522.0605483312393,332.64963929853013
1687320000,28710.76,28981.52,28681.64,28978.38,26840.621399999975,26272.181099999973,26274.147999999997,1959.73576489,3166.1616801605064,28071.085555555648,27318.179047619014,NaN,194.94069400199362,576.3255068010221,381.3848127990285
1687327200,28978.74,29004.5,28775.08,28872.92,26893.024399999973,26301.78619999997,26282.559699999998,1485.75724341,3176.524649471007,28299.731111111203,27429.70857142854,NaN,177.98031942264288,603.8602120773321,425.87989265468923
1687334400,28872.42,28958.5,28798.99,28926.53,26937.98499999997,26331.311199999967,26291.2476,2041.90015957,3173.628575161507,28504.595555555643,27548.081428571393,NaN,157.5584620399419,622.8279702046166,465.2695081646747
1687341600,28925.62,29220.32,28805.94,28946.32,26985.155599999973,26360.16119999997,26299.873199999995,3777.91462588,3084.359843959507,28632.743333333423,27656.863809523777,NaN,133.52014080958008,632.1696841766498,498.64954336706967
1687348800,28942.37,29408.07,28887.03,29320.61,27039.788599999974,26392.48759999997,26310.463899999995,5552.0130362,3285.0399941495066,28779.352222222315,27782.756190476157,NaN,130.79426103650337,662.1423696626989,531.3481086261955
1687356000,29320.98,30009.38,29087.53,29853.59,27106.836999999974,26430.23879999997,26324.1119,7380.15972521,3600.2865024770063,28969.523333333425,27929.58095238092,NaN,151.39862029361893,720.5963839932192,569.1977636996003
1687363200,29855.69,30782.75,29771.97,30081.38,27177.50419999997,26469.48119999997,26339.235549999998,11099.48841261,4013.3216577815065,29165.501111111203,28083.720476190436,NaN,165.7242259327188,776.3530461154987,610.6288201827799
1687370400,30080.78,30287.7,29908.03,30126.12,27251.87719999997,26508.783099999968,26355.6118,4195.91688984,4183.064230881506,29313.39333333342,28237.493333333296,NaN,163.30391612888866,814.7587153438908,651.4547992150021
1687377600,30128.77,30159.65,29814.27,29886.54,27321.20759999997,26547.22629999997,26370.917949999995,2582.95850397,4260.779104794507,29443.59888888898,28379.87238095234,NaN,131.9976267525269,816.4518326556608,684.4542059031339
1687384800,29886.85,30198.8,29868.8,30002.77,27391.81199999997,26589.655499999975,26386.727349999994,2219.18027802,4320.308317371006,29557.420000000086,28531.490476190433,NaN,106.63340608604472,817.7459635106898,711.112557424645
1687392000,30003.41,30248.89,29905.46,30163.73,27464.735799999973,26633.074299999967,26403.648149999994,1858.08533169,4370.910462544506,29700.84333333342,28690.097619047578,NaN,88.93471833001115,822.280955337159,733.3462370071478
1687399200,30161.99,30496.81,30089.73,30292.38,27540.281599999973,26677.034199999973,26421.242749999994,2057.53578923,4441.389217949006,29852.604444444536,28857.567619047575,NaN,74.70378362339295,826.725966536389,752.0221829129961
1687406400,30293.63,30351.45,30209.58,30287.27,27616.254399999973,26721.36449999997,26439.026299999994,911.19935426,4358.800439599506,30001.598888888973,29019.044285714244,NaN,54.685862713283086,820.3795113045999,765.6936485913168
1687413600,30290.07,30301.03,30020.8,30103.73,27687.532599999973,26763.03899999997,26459.514949999993,1272.97859222,4249.882331157505,30088.612222222306,29175.645238095196,NaN,20.57851755761419,791.4167955383346,770.8382779807204
1687420800,30103.58,30182.28,30048.83,30144.15,27759.572599999974,26804.08589999997,26481.41544999999,1268.92268075,3833.2225570685055,30120.89666666675,29321.426190476144,NaN,-6.326140980409832,762.930601755208,769.2567427356179
1687428000,30143.33,30253.61,29852.12,29938.6,27826.65619999998,26843.627099999976,26502.956499999993,3729.97546947,3479.760328557505,30105.032222222304,29423.598095238052,NaN,-42.98872064160446,715.5208419336122,758.5095625752167
1687435200,29937.81,30360.1,29926.09,30250.99,27901.151599999972,26887.64829999998,26525.849249999992,3494.23062102,3420.7685487640056,30118.90666666675,29530.734285714243,NaN,-50.693762424790634,695.1423595442284,745.836121969019
1687442400,30251.27,30302.84,29569.14,29868.71,27968.447199999973,26927.311399999977,26546.52839999999,5455.84005621,3525.324657455506,30116.92555555564,29612.95619047615,NaN,-84.0615446298757,640.7591911816744,724.8207358115501
1687449600,29870.18,30200.62,29849.82,30160.4,28041.765999999978,26969.065999999977,26569.08974999999,3451.68476543,3393.115066164006,30134.440000000086,29700.70952380948,NaN,-88.56225693337001,614.1179146448376,702.6801715782076
1687456800,30160.25,30256.38,29983.27,30229.74,28115.188999999977,27011.574999999975,26591.54294999999,2444.67123254,3412.007426621006,30141.77444444453,29769.02619047615,NaN,-88.72172054660473,591.7780208949516,680.4997414415564
1687464000,30229.83,30269.86,29977.18,30063.87,28183.803799999976,27052.31299999998,26612.96244999999,2208.5571195,3424.4484943515054,30116.38444444453,29833.272857142816,NaN,-100.96015219750757,554.299551194672,655.2597033921795
1687471200,30063.8,30087.35,29898.31,29898.58,28248.71379999998,27091.437899999983,26633.772749999993,1874.91167359,3443.9062158605057,30073.196666666754,29877.091904761863,NaN,-119.86076534172332,505.43374671502534,625.2945120567487
1687478400,29897.34,30060.13,29892.48,29946.18,28319.393399999975,27130.785599999977,26654.6916,1730.93245288,3428.357830526006,30055.6911111112,29928.199523809482,NaN,-128.08697402554344,465.18579452481936,593.2727685503628
1687485600,29948.13,30029,29819.41,30020,28392.947599999978,27172.256899999982,26676.325699999994,952.02958087,3287.063578275506,30041.89666666675,29980.269523809482,NaN,-127.22620607036481,434.2400109624068,561.4662170327716
1687492800,30021.5,30088.78,30002.32,30052.86,28465.14699999998,27221.53639999998,26697.875699999993,725.39048885,3045.732450908006,30054.59222222231,30032.961904761865,NaN,-123.03901733153293,407.6674453683554,530.7064626998883
1687500000,30052.63,30073.36,29940.89,29955.02,28536.248999999974,27269.78599999998,26717.28524999999,1608.73903379,2757.161416337006,30021.706666666756,30063.171904761864,30021.706666666756,-125.04692969391562,374.3978005824938,499.4447302764094
1687507200,29954.9,30181.69,29925.93,30146.86,28609.844199999978,27320.581399999977,26734.67194999999,1427.91155034,2273.582573223506,30052.612222222306,30077.137142857104,NaN,-112.06084522166941,359.3686737493226,471.42951897099204
1687514400,30148.21,30196,29959.26,30158.79,28684.409599999977,27371.58489999998,26750.002899999985,1466.56890795,2137.115174129006,30052.43333333342,30080.82333333329,NaN,-101.58359258558494,344.45002823901086,446.0336208245958
1687521600,30157.03,30244.63,29945.05,30097.19,28758.461599999977,27422.595799999977,26765.20179999999,2985.93801302,2157.264149581506,30037.705555555644,30079.445714285674,NaN,-97.68904530104084,323.92231419829477,421.6113594993356
1687528800,30094.51,31433.19,30031.32,31248.01,28854.511999999973,27485.76909999998,26785.250949999987,8964.67241432,2494.538756396506,30169.27666666675,30144.277619047578,30169.27666666675,-20.528103746222655,395.9512298165573,416.47933356277997
1687536000,31245.81,31430.29,30698.2,31268.21,28949.260199999975,27549.48569999998,26806.119199999986,7056.85013866,2754.4769967450056,30321.45777777786,30204.536666666623,NaN,26.40315090788073,449.48327219763087,423.08012128975014
1687543200,31262.19,31282.28,30637.52,30906.78,29038.581799999974,27608.72549999998,26826.100399999985,4306.97850606,2866.949132586505,30428.1911111112,30239.91999999996,NaN,27.511896375318827,457.4699917588987,429.95809538357986
1687550400,30908.29,30973.14,30567.42,30685.37,29119.051399999975,27665.401799999978,26844.909049999987,2597.2377841,2951.251054078505,30502.1211111112,30258.633809523766,NaN,8.714902655381195,440.85172370280634,432.13682104742514
1687557600,30684.93,30708.17,30484.81,30705.83,29199.63059999997,27723.06679999998,26864.422699999985,1931.50883305,2984.177566120005,30574.673333333416,30278.565238095194,NaN,-6.157537956003523,424.4398986024207,430.59743655842425
1687564800,30703.32,30713.24,30438.52,30630.2,29276.829199999975,27778.120199999983,26885.042449999986,1267.68133807,2984.1154989860047,30649.693333333416,30303.635238095198,NaN,-23.90871183948326,400.7115467590702,424.62025859855345
1687572000,30627.55,30816.34,30597.21,30745.66,29354.853399999974,27831.15499999998,26904.253549999987,993.84524611,2847.3089878180044,30716.22666666675,30332.27857142853,NaN,-30.284263930750285,386.7649286851156,417.0491926158659
1687579200,30745.16,30769.14,30676.78,30745.18,29431.819199999976,27882.90799999998,26923.846699999984,471.61319629,2696.178116581505,30781.381111111194,30370.687142857107,NaN,-36.52557566899725,371.39222302961934,407.9177986986166
1687586400,30743.02,30743.02,30573.12,30582.48,29505.537199999973,27932.905099999974,26944.98719999999,599.66444953,2453.369336247505,30835.302222222304,30386.472380952346,NaN,-52.62482052922326,342.13677303708755,394.7615935663108
1687593600,30581.57,30664.28,30572.46,30640.98,29581.980999999978,27984.22449999998,26965.58329999999,508.11036463,2306.190616207505,30767.85444444453,30423.2471428571,NaN,-59.82246802473537,319.9835085353916,379.80597656012696
1687600800,30637.88,30760.28,30622.16,30695.66,29659.234599999978,28035.679599999978,26986.620349999994,841.94148197,2226.0541286790053,30704.237777777857,30448.735714285674,NaN,-61.17089013969127,303.3423638855129,364.51325402520416
1687608000,30696.78,30811.31,30602.88,30663.49,29736.994199999976,28086.882699999976,27009.163749999992,1002.36239677,2165.744392542505,30677.205555555636,30469.390476190434,NaN,-64.18558785935079,284.2812692010157,348.46685706036646
1687615200,30657.23,30727.61,30352.65,30416.39,29807.396799999973,28135.813499999975,27029.48729999999,1738.8522629,2158.941422008005,30647.31888888897,30486.1771428571,NaN,-81.65667795709032,246.39600961400356,328.0526875710939
1687622400,30417.31,30660.44,30271.37,30597.39,29883.042399999973,28186.010899999976,27050.22379999999,1344.4827197,2139.618935349005,30635.270000000077,30519.453809523766,NaN,-79.76643735116306,228.34464088214008,308.11107823330315
1687629600,30601.11,30711,30589.24,30640.51,29954.19759999997,28237.830699999977,27071.674849999996,742.57171938,2129.146042274505,30636.41555555563,30552.517142857105,NaN,-74.45735492888605,215.03938457219556,289.4967395010816
1687636800,30638.16,30638.16,30429.71,30527.29,30008.883599999972,28288.341999999975,27092.398549999994,883.58140152,2137.055587908005,30612.1522222223,30576.67380952377,NaN,-77.09126975171301,193.13265231144032,270.22392206315334
1687644000,30527.3,30586.67,30500.67,30548.39,30059.82879999997,28335.739699999973,27112.888399999993,533.39441207,2083.288356822005,30590.286666666747,30600.270476190435,30590.286666666747,-75.81793199727593,175.4515070665584,251.26943906383434
1687651200,30547.68,30641.33,30484.24,30620.44,30109.396599999967,28378.917399999973,27134.009349999997,608.64725951,2042.325142280505,30594.504444444527,30631.957142857103,NaN,-68.7380401177266,165.3468889166761,234.0849290344027
1687658400,30621.19,30783.64,30616.35,30759.38,30158.23259999997,28422.76699999997,27155.582699999995,706.68254756,2004.3308242610049,30607.660000000076,30661.124761904724,NaN,-53.964420805028624,166.62940302811694,220.59382383314556
1687665600,30761.2,31045.57,30761.17,30869.68,30199.72439999997,28468.537399999976,27177.884049999993,1711.75238727,1940.6215429735046,30626.995555555637,30694.97666666663,NaN,-36.84772178696443,174.53417159944001,211.38189338640444
1687672800,30872.34,30984.44,30687.23,30740.03,30240.231199999973,28512.576199999974,27197.905899999998,852.52789784,1535.0143171495044,30635.500000000076,30725.588095238054,NaN,-34.388776470675964,168.39592279805947,202.78469926873544
1687680000,30739.04,30772.7,30608.99,30693.21,30274.527799999974,28557.57459999997,27218.896649999995,473.22091695,1205.8328560640043,30666.257777777857,30699.169047619012,NaN,-35.88153311174679,157.93278287905196,193.81431599079875
1687687200,30692.91,30722.82,30602.68,30721.44,30311.498199999976,28602.26129999997,27239.744399999996,619.85541438,1021.4767014800043,30680.04111111119,30673.132380952342,30680.04111111119,-34.901590271147995,150.18732815186377,185.08891842301176
1687694400,30720.55,30740.38,30528.05,30687.12,30346.709999999977,28642.34749999997,27260.266449999996,816.6725658,932.4484405650043,30685.22000000008,30662.672380952343,NaN,-36.33542461027167,139.66963766017216,176.00506227044383
1687701600,30686.98,30732.21,30476.76,30594.21,30379.667799999974,28682.41169999997,27280.673699999996,1133.21036205,892.5335170150041,30692.655555555637,30658.331428571393,NaN,-42.86326489814377,122.4259811477641,165.28924604590787
1687708800,30593.21,30661.01,30494.85,30536.27,30403.980999999974,28721.88479999997,27300.763799999993,799.62571998,869.130736110504,30691.30888888897,30650.257142857106,NaN,-49.912331498012605,102.89883167339212,152.81116317140473
1687716000,30529.95,30531.97,30349.51,30438.04,30415.669999999973,28761.253499999973,27320.470749999997,1015.07619537,870.192283573504,30671.0422222223,30641.106666666627,NaN,-59.376022308714994,78.59113528551097,137.96715759422597
1687723200,30435.39,30535.41,30287.33,30452.76,30423.097599999976,28800.300899999977,27340.185499999992,830.14301592,888.1187745550039,30636.97333333342,30627.159047619007,NaN,-62.513515391834744,59.825263354432536,122.33877874626728
1687730400,30455.76,30575.75,30395.66,30473.14,30430.037999999975,28840.957599999976,27360.033399999993,939.65179607,905.118141882004,30592.913333333414,30614.20476190472,30592.913333333414,-61.01770880227578,46.06664274342256,107.08435154569834
1687737600,30473.86,30557.4,29990.45,30182.54,30435.957999999973,28878.582799999975,27377.69534999999,2696.11810671,1014.5185289860041,30530.97000000008,30595.159999999956,NaN,-76.4031977859822,11.580354313220596,87.9835520992028
1687744800,30180.22,30326.16,30115.8,30301.25,30441.92759999997,28916.86979999997,27396.099449999994,964.393064,1020.6411080875041,30487.418888888977,30578.982380952337,NaN,-75.26767671438935,-6.1010437937839015,69.16663292060545
1687752000,30299.98,30322.94,30172.55,30221.15,30443.075999999972,28953.905899999976,27413.954299999998,556.12169789,998.3290731435042,30431.831111111194,30556.38666666662,NaN,-76.35267197949285,-26.27420705376062,50.078464925732234
1687759200,30220.69,30576.35,30202.52,30408.61,30445.400599999968,28992.841099999972,27433.610249999994,1763.58200664,999.5655603305042,30400.885555555637,30544.249523809478,NaN,-61.52348930616512,-26.825896706974163,34.697592599190955
1687766400,30408.88,30426.52,30248.54,30273.98,30445.134799999967,29030.694599999973,27452.47479999999,1024.10230752,983.5465397215041,30365.304444444526,30537.468095238048,NaN,-57.91178533167181,-37.692139065398806,20.219646266273003
1687773600,30269.01,30347.81,30138.3,30332.16,30449.70339999997,29068.61799999997,27472.093299999997,906.97519748,991.7667136265039,30342.62555555564,30524.838095238054,NaN,-49.08363474352573,-41.134897163134156,7.948737580391571
1687780800,30329.99,30647.75,30268.35,30640.47,30459.629799999973,29109.60119999997,27492.89684999999,1698.61140501,1032.5182138010039,30365.11777777786,30524.836190476148,NaN,-21.374118936071028,-18.768911089697212,2.6052078463738138
1687788000,30640.17,30662.42,30265.44,30424,30469.33779999997,29147.996999999974,27512.575699999994,2238.2982863,1117.7634075125038,30361.92222222231,30519.917619047577,NaN,-16.724225486056298,-18.300074011196557,-1.5758485251402607
1687795200,30420.71,30432.06,29928.15,30096,30466.23799999997,29183.694799999972,27531.03994999999,3086.54458835,1241.658273954504,30320.017777777866,30498.375238095196,NaN,-33.85087784153484,-43.88944582705881,-10.03856798552397
1687802400,30095.25,30320.4,30047.87,30256.36,30473.99099999997,29221.219099999973,27550.674399999996,2047.63366947,1308.705830050004,30328.22000000009,30481.038095238055,NaN,-32.485692509246654,-50.64568362208229,-18.159991112835634
1687809600,30261.15,30300.53,30124.41,30169.99,30474.18279999997,29257.97439999997,27573.880049999992,925.10361325,1269.373391349004,30313.635555555644,30452.971904761864,NaN,-35.27343756099901,-62.251788064084394,-26.978350503085387
1687816800,30160.38,30289.2,30123.21,30274.34,30475.074799999966,29295.131899999975,27596.921149999995,566.13676589,1255.0538347515042,30319.545555555644,30424.62238095234,NaN,-28.266320577107486,-62.31125122446974,-34.04493064736226
1687824000,30274.11,30388.14,30233.26,30379.73,30481.39199999997,29332.59789999998,27620.460499999994,764.9641018,1269.6409939940042,30316.336666666753,30407.465238095196,NaN,-15.356503445635965,-53.24055995440722,-37.88405650877125
1687831200,30379.98,30496.99,30357.61,30376.49,30490.950199999967,29369.83199999998,27643.58934999999,850.69449033,1281.1829477915041,30327.726666666757,30392.383333333284,NaN,-6.3212544053174184,-45.78562451541802,-39.4643701101006
1687838400,30377.21,30387.84,30258.3,30323.7,30498.500599999967,29408.94699999998,27666.81249999999,395.54130238,1260.1263846205043,30326.786666666754,30373.443333333293,NaN,-3.335910091127708,-43.63425772401024,-40.29834763288253
1687845600,30324.44,30469.48,30245.22,30410.56,30506.31179999997,29449.62969999998,27690.62849999999,930.78619731,1250.0051763835042,30301.2411111112,30360.273809523766,NaN,4.620714430876099,-34.52245459428741,-39.14316902516351
1687852800,30415.25,30449.81,30341.99,30377.28,30512.80019999997,29488.97359999998,27712.353549999996,596.30902668,1239.8393417185043,30296.050000000087,30349.943809523764,NaN,7.598555998376568,-29.644974027192802,-37.24353002556937
1687860000,30377.82,30783.02,30377.35,30734.21,30528.383999999965,29532.31649999998,27737.200149999993,1973.99336635,1287.7852002675045,30366.96222222231,30359.36952380948,30366.96222222231,32.18466144157145,2.987296776394942,-29.197364665176508
1687867200,30735.88,30768.51,30543.68,30614.85,30537.743799999967,29573.79399999998,27761.348949999996,1855.32961394,1339.0445301685045,30406.79444444453,30367.789047619008,NaN,38.55649333304441,18.998252001129003,-19.558241331915404
1687874400,30615.1,31017.38,30404.23,30508.92,30544.746399999964,29614.57799999998,27784.599649999993,4395.1792947,1511.8209051000044,30444.45333333342,30370.463333333293,NaN,33.94714265229861,22.875686983457854,-11.071455668840752
1687881600,30510.82,30780.59,30471.32,30745.55,30557.713599999963,29658.08759999998,27809.08384999999,2063.428614,1480.1864304645046,30496.81000000009,30383.4352380952,NaN,44.48063576789349,44.529339041026105,0.04870327313262024
1687888800,30744.78,30752.68,30646.46,30682.63,30546.405999999963,29700.458999999984,27833.76714999999,2112.13381084,1537.5734678065046,30530.465555555646,30407.249047619003,NaN,44.73522533150385,55.96773493751243,11.232509606008584
1687896000,30680.16,30737.26,30573.3,30724.56,30535.532999999967,29742.396599999982,27858.194499999987,2024.53708985,1610.9942374045045,30569.140000000087,30427.406666666626,NaN,45.123172702317206,67.63647548390509,22.513302781587885
1687903200,30725.83,30741.11,30585.25,30700.05,30531.398399999965,29784.99009999998,27882.898649999992,788.94874941,1562.2625745430046,30610.956666666756,30450.211428571383,NaN,41.23147889877026,74.05265140505071,32.82117250628045
1687910400,30700.99,30720.21,30475.38,30508.73,30527.86559999997,29823.458499999982,27906.821849999993,1097.20120256,1565.9175192950047,30621.86444444453,30454.979047619,NaN,24.12199855536069,62.97367070048131,38.85167214512062
1687917600,30508.5,30551.8,30346.49,30461.16,30522.972199999964,29861.30139999998,27930.047749999994,578.02263665,1549.4698912535046,30631.18444444453,30463.892380952337,NaN,8.743583171217288,49.78115110914223,41.03756793792494
1687924800,30460.88,30490.25,30389.58,30462.16,30519.611399999965,29898.22029999998,27953.73869999999,429.12205793,1485.9954238995047,30600.956666666756,30470.082857142814,NaN,-1.6639767497603586,38.95759700072449,40.62157375048485
1687932000,30461.66,30461.66,30168.18,30193.95,30508.577199999963,29931.715299999978,27975.848749999994,1285.71716401,1438.3663677850045,30554.190000000086,30448.819999999956,NaN,-25.58688001591831,8.637973730586964,34.224853746505275
1687939200,30192.77,30318.84,30153.9,30305.89,30499.791399999966,29965.805299999985,27997.586699999996,1225.32736125,1345.3055064300047,30531.631111111194,30443.19571428567,NaN,-32.40825795964887,-6.2854687030558125,26.12278925659306
1687946400,30304.48,30389.9,30293.18,30322.12,30494.58419999997,30000.06069999998,28018.95784999999,709.65752448,1278.4066991805046,30484.583333333416,30453.96333333329,NaN,-34.18726686786543,-16.611294328238728,17.5759725396267
1687953600,30319.14,30369.96,30020.33,30204.74,30485.85939999997,30033.920199999982,28039.68749999999,2510.44521329,1357.6737791825046,30431.484444444533,30451.505238095193,30431.484444444533,-41.16131633101557,-33.875672874142765,7.285643456872807
1687960800,30203.14,30491.25,30149.4,30421.01,30480.366399999963,30069.80049999998,28062.09249999999,2024.58950069,1430.5964159225045,30397.75666666675,30463.458571428528,NaN,-29.639346873650926,-29.76354013519085,-0.12419326153992483
1687968000,30421.88,30476.7,30060.94,30153.78,30470.172199999965,30103.58319999998,28083.12684999999,1912.07566219,1487.9519939420045,30337.06000000009,30457.717619047573,NaN,-37.916718151336994,-47.520090950711165,-9.603372799374174
1687975200,30154.03,30255.48,29846.05,30104.24,30463.929199999962,30135.66299999998,28104.63984999999,2211.1181734,1555.9731780955044,30292.11666666675,30444.599047619,NaN,-44.191132037798766,-64.84228784662264,-20.65115580882387
1687982400,30103.79,30205.95,29951.83,30143.5,30454.851399999963,30168.94689999998,28126.444999999992,1298.57123653,1601.1246748030044,30256.821111111196,30433.504285714233,NaN,-43.113486815401316,-74.54301432807551,-31.4295275126742
1687989600,30143.5,30185.6,30063.28,30083.26,30443.70639999996,30198.951999999983,28147.78564999999,623.89971469,1585.7803506720043,30214.721111111194,30422.054761904714,NaN,-43.73579851234755,-86.09927565310863,-42.363477140761084
1687996800,30083.03,30250.5,30048.89,30165.81,30436.47679999996,30222.680199999988,28168.74609999999,776.05404491,1594.7676015835045,30211.594444444527,30410.399999999947,NaN,-36.178780717049385,-87.58695303707282,-51.40817232002343
1688004000,30165.27,30199.14,30098.91,30166.71,30428.84319999996,30244.33599999998,28189.59209999999,707.95823605,1531.4658450685042,30196.13000000008,30400.372857142804,NaN,-29.01952250741155,-87.68257545428787,-58.66305294687632
1688011200,30166.93,30260.15,30141.85,30186.5,30420.16439999996,30264.780499999983,28211.493199999994,519.54196279,1464.6764625110043,30181.061111111194,30374.291428571378,NaN,-21.213215414285038,-85.17957221473262,-63.96635680044758
1688018400,30189.16,30414.3,30183.75,30344.56,30411.867999999962,30285.050299999984,28234.048549999996,644.31021037,1277.1330082945044,30196.596666666752,30361.420476190426,NaN,-4.538152548553967,-69.63904748614004,-65.10089493758608
1688025600,30344.56,30471.37,30341.77,30440.72,30403.288799999962,30301.506599999982,28257.191049999994,832.15584461,1215.5693698250043,30198.786666666747,30358.172857142807,NaN,12.881570246760113,-48.99893212913594,-61.88050237589605
1688032800,30440.15,30753.61,30406.27,30673.39,30401.95599999996,30321.09359999998,28281.41034999999,2096.84275023,1214.8048167945042,30256.521111111197,30354.736666666617,NaN,38.537250389299956,-13.708939389271109,-52.246189778571065
1688040000,30672.25,30834.25,30459.57,30558.99,30399.27159999996,30336.899699999984,28304.54039999999,2756.5277973,1251.4043521670042,30307.048888888967,30348.849047618995,NaN,45.773125122882256,4.970216625031753,-40.8029084978505
1688047200,30565.65,30656.23,30415.25,30479.88,30394.440399999963,30352.969299999982,28327.377749999996,2447.05125597,1334.3094774950043,30344.42444444453,30337.197619047565,30344.42444444453,43.23230531182692,13.237473141933151,-29.99483216989377
1688054400,30480.25,30666.05,30423.03,30543.79,30391.573799999962,30369.14189999998,28350.226549999992,2448.6721297,1401.8830238520043,30395.594444444527,30329.756666666613,NaN,43.72550384964258,24.66204764215945,-19.063456207483124
1688061600,30544.31,30622.14,30495.49,30595.65,30391.602599999966,30385.635199999982,28372.898199999992,2218.11460737,1483.8876223880043,30443.35444444453,30333.89571428566,NaN,45.22584991046916,37.468856180603325,-7.756993729865833
1688068800,30593.13,30644.49,30256.26,30422.13,30389.31979999996,30396.65039999998,28394.568999999996,1914.15224526,1558.1391317545044,30471.734444444526,30332.037142857087,NaN,32.79250197589646,33.233633740004734,0.44113176410828103
1688076000,30421.56,30526.04,30405.64,30453.02,30389.619399999963,30402.644699999983,28416.441749999994,698.18009646,1528.7622783770043,30501.34777777786,30331.60190476185,NaN,25.247789145105056,32.0008681954896,6.753079050384546
1688083200,30453.04,30508.05,30360.25,30393.12,30388.426599999962,30405.76209999998,28437.62164999999,868.55100225,1510.9234604270043,30506.74333333342,30341.086190476137,NaN,15.311133885831575,25.891996407674014,10.58086252184244
1688090400,30388.62,30866.33,30381.47,30737.72,30393.718199999967,30411.878099999984,28460.33059999999,2179.60028857,1584.4205986315042,30539.74333333342,30361.64952380947,NaN,30.175499183238532,48.300236500890605,18.124737317652073
1688097600,30740.84,31278.69,30656.77,30738.5,30404.83739999997,30420.397699999983,28483.811999999987,3340.83746941,1625.940211437504,30546.97777777786,30381.47714285709,NaN,37.79488385857255,65.36834214086775,27.573458282295206
1688104800,30739.7,30844.37,30629.7,30776.18,30414.335999999967,30428.131799999985,28508.893649999987,2538.23783789,1651.6226282975044,30571.110000000084,30408.68857142852,NaN,42.7425639129098,81.00166317343246,38.25909926052266
1688112000,30774.14,30908.79,30731.8,30777.5,30425.462999999967,30434.269499999984,28533.671899999987,1685.36695564,1640.2871929700043,30604.17888888897,30425.664285714232,NaN,43.33847650072361,92.43219488642717,49.09371838570356
1688119200,30777.05,30943.88,30759.79,30926.74,30435.825599999967,30440.61309999998,28558.823649999988,1124.07554282,1585.9350614410043,30646.728888888974,30462.471904761856,NaN,50.51667850320703,112.23956651471235,61.72288801150532
1688126400,30916.59,31124.6,29452.19,30143.26,30433.21119999997,30439.17299999998,28580.268749999985,12890.69794311,2165.541396770004,30596.463333333417,30464.32999999995,NaN,1.805089655487997,63.97925008086531,62.174160425377316
1688133600,30144.5,30302,29955.95,30070.29,30427.973799999967,30438.83859999998,28600.93879999998,6911.64032438,2479.928427254504,30557.370000000086,30460.843809523758,NaN,-34.04462119784786,19.618383928067487,53.66300512591535
1688140800,30075.07,30710.97,29938.82,30442.29,30424.010199999968,30441.819999999978,28622.95294999998,4312.4161529,2656.746532654004,30556.17777777786,30477.940476190426,NaN,-31.478914571343203,14.314361911736341,45.793276483079545
1688148000,30448.15,30526.69,30299.01,30385.61,30423.24239999997,30446.29009999998,28644.95859999998,2523.03662357,2747.500452030004,30555.343333333414,30488.40714285709,NaN,-32.255276391290835,5.4741809939660016,37.729457385256836
1688155200,30378.78,30508.65,30348.91,30471.48,30430.751999999968,30448.49499999998,28668.071649999983,1470.01228504,2795.023968142504,30525.76111111119,30502.919999999947,NaN,-25.91495952069597,5.335757984386873,31.250717505082843
1688162400,30470.48,30538.89,30465.45,30477.68,30435.17839999997,30454.584699999978,28690.948049999985,829.64397476,2804.2906563620045,30496.78111111119,30516.785714285663,30496.78111111119,-20.471704048629597,5.661087444295845,26.132791492925442
1688169600,30477.43,30534.97,30402.65,30448.6,30440.750599999974,30457.46669999998,28713.26634999998,761.85123455,2800.775425859004,30460.38333333342,30521.73999999995,NaN,-18.080881753553154,3.5316893009839987,21.612571054537153
1688176800,30449.13,30522.27,30384.08,30400,30443.263799999975,30459.16929999998,28735.37214999998,517.62837215,2721.814706955004,30418.438888888973,30519.8009523809,NaN,-18.933107104526865,-2.0538128261214297,16.879294278405435
1688184000,30399.75,30426.99,30331.5,30425.67,30444.182599999975,30462.78729999998,28757.550149999977,379.86941458,2602.9817878190042,30362.76444444453,30508.00476190471,NaN,-16.99044655803859,-4.3587639191428025,12.631682638895787
1688191200,30426.46,30462.68,30410.47,30461.55,30445.883799999974,30468.41699999998,28779.927449999977,399.39127329,2500.5987886850044,30398.13000000008,30503.364761904715,NaN,-12.707540140797317,-3.2527425371008576,9.45479760369646
1688198400,30462.8,30471.6,30431.19,30447.5,30448.359799999973,30473.430199999977,28802.10789999998,321.88277709,2394.2593210545047,30440.042222222306,30501.822857142808,NaN,-10.339782881391088,-3.4699309980424005,6.869851883348687
1688205600,30447.28,30601.49,30438.83,30532.79,30450.80439999997,30478.55809999998,28825.407499999983,508.41845177,2308.7745132745044,30450.09777777786,30501.299047619,NaN,-2.9333125792245367,3.203211159318016,6.136523738542553
1688212800,30533.81,30637.21,30513.2,30573.37,30454.726199999972,30483.76319999998,28852.64979999998,737.51893886,2249.9428479545045,30470.960000000086,30500.238095238044,NaN,4.3964638936253415,11.63210360557423,7.235639711948888
1688220000,30573.37,30657.78,30542.65,30579.21,30451.626199999973,30490.00509999998,28879.89554999998,930.83701991,2261.5756941270047,30482.930000000084,30507.718095238048,NaN,9.066885093927274,18.56924607935798,9.502360985430707
1688227200,30579.01,30596.73,30553.01,30584.04,30451.009999999973,30494.37689999998,28907.479149999977,605.74770309,2248.4355291690044,30494.74777777786,30513.957142857096,NaN,11.74052162721777,24.17801301945292,12.437491392235149
1688234400,30585.04,30641.43,30584.05,30621.62,30453.26399999997,30499.00519999998,28935.29504999998,544.50505413,2166.6807674470047,30513.972222222306,30524.83809523805,NaN,15.085725236699759,31.294647938109847,16.20892270141009
1688241600,30621.77,30622.84,30586.97,30598.28,30450.31859999997,30504.01609999998,28963.30594999998,320.89752652,2015.6837703025044,30536.00333333342,30518.19809523805,30536.00333333342,14.754337479111008,34.65184455029885,19.89750707118784
1688248800,30598.54,30616.33,30563.46,30594.48,30448.555599999974,30497.480799999976,28991.624949999983,475.04374492,1912.5240656540045,30554.760000000086,30511.339999999956,NaN,13.349274405285389,36.584100077794574,23.234825672509185
1688256000,30593.98,30647.87,30559.12,30572.19,30445.50819999997,30490.52059999998,29020.003149999982,440.85243486,1850.2983396150044,30567.05333333342,30501.62619047614,NaN,10.134493871236796,35.90294301155518,25.768449140318385
1688263200,30571.46,30608.52,30478.91,30514.79,30441.802999999974,30486.600699999984,29047.663099999983,485.53894526,1818.3715097370045,30574.530000000086,30489.116190476143,NaN,3.690204862774017,30.381205218785908,26.69100035601189
1688270400,30514.89,30555.34,30486.6,30494.34,30441.515199999973,30484.69039999998,29075.04609999998,459.2297942,1196.7981022915044,30570.257777777864,30468.52571428567,NaN,-2.0908052582413283,24.07749378321023,26.168299041451558
1688277600,30492.84,30525.42,30484.66,30516.37,30442.61939999997,30482.79579999998,29102.931299999982,221.55020446,862.2935962955046,30563.92444444453,30486.292857142813,NaN,-4.437295192156704,20.62168005125568,25.058975243412384
1688284800,30516.14,30552.56,30497.67,30529.4,30443.964199999973,30481.787799999984,29129.95399999998,205.44800617,656.9451889590044,30558.390000000087,30508.155238095194,NaN,-5.072333011827748,18.718558978627698,23.790891990455446
1688292000,30528.14,30545.67,30520.93,30545.17,30450.98859999997,30479.78289999998,29155.46894999998,196.3256296,540.6096392605044,30554.071111111196,30513.054285714243,NaN,-4.414954798948507,18.272198491769814,22.68715329071832
1688299200,30545.67,30573.24,30503.12,30524.05,30455.351799999968,30477.57159999998,29180.239799999985,389.06151111,486.5621005640044,30543.230000000083,30519.64666666662,NaN,-5.3261471505024645,16.02946935259024,21.355616503092705
1688306400,30523.8,30628.1,30181.35,30504.71,30459.00359999997,30476.793899999982,29204.849499999982,1599.17875002,525.0388393270044,30532.833333333416,30521.229047619,NaN,-7.046988126524571,12.546881344936992,19.593869471461563
1688313600,30508.59,30689.26,30439.5,30457.44,30464.05759999997,30474.958499999982,29229.591499999984,869.25946418,530.4092508085045,30517.606666666754,30520.26523809519,30517.606666666754,-10.951457686368066,5.904547363501479,16.856005049869545
1688320800,30454.39,30570.17,30385.04,30568.07,30466.998799999972,30473.682599999986,29254.681099999983,519.1532654,530.4854954710045,30517.148888888976,30525.954285714237,NaN,-5.918134888350716,9.45833643943115,15.376471327781866
1688328000,30567.68,30627.49,30537.25,30566.65,30475.256199999974,30472.71419999998,29279.798449999984,512.77318401,537.1306839425044,30522.911111111203,30533.889999999952,NaN,-2.6839126967246063,12.021580456876109,14.705493153600715
1688335200,30569.15,30793.24,30451.25,30625.3,30485.67739999997,30474.80329999998,29305.308399999984,1619.69640938,598.1459407470045,30537.46222222231,30543.396190476145,NaN,3.092769063063063,18.571454482429544,15.478685419366482
1688342400,30626.82,30759.72,30608.28,30672.86,30496.264599999973,30475.557999999983,29330.784449999985,785.66919686,621.3352617355044,30554.850000000086,30553.458571428528,30554.850000000086,9.44540508315238,27.285441773306957,17.840036690154577
1688349600,30675.37,30801.75,30675.37,30768.32,30509.965799999973,30476.836099999986,29357.33339999998,552.56101229,623.5423897615044,30581.39666666675,30568.735714285667,NaN,18.86136050617539,41.416737322873814,22.555376816698423
1688356800,30768.65,30799.87,30677.12,30682.94,30520.30839999997,30478.392599999985,29383.36729999998,596.979056,616.5153956185045,30596.70444444453,30575.88571428567,NaN,18.119970061553513,45.205339393640315,27.085369332086803
1688364000,30681.43,30760.42,30627.91,30681.35,30530.601199999972,30479.72219999998,29407.730949999983,596.83003273,599.8150462595045,30614.18222222231,30581.027619047574,NaN,16.356999893998065,47.531619199584384,31.17461930558632
1688371200,30680.6,30707.25,30619.92,30621.46,30539.30039999997,30479.732399999983,29429.324899999985,576.61946678,598.3586344440046,30627.15444444453,30583.03952380948,NaN,10.288290444739445,44.03498236151063,33.746691916771184
1688378400,30620.96,30663.55,30595.05,30634.41,30545.097399999973,30478.482699999982,29450.624849999986,1060.38756181,624.1527598280045,30646.817777777866,30585.43809523805,NaN,6.463988344586497,41.8266773475043,35.362689002917804
1688385600,30633.16,30697.78,30597.75,30661.89,30549.520799999977,30476.404799999982,29472.471099999984,1808.5392665,698.5348468270045,30657.242222222307,30587.35571428567,NaN,5.15945144321114,41.81200330693173,36.65255186372059
1688392800,30663.86,31173.83,30657.57,31067.57,30557.404399999978,30479.680199999977,29496.128199999985,3741.86276534,861.8757978480044,30712.90000000009,30609.70285714281,NaN,29.62672155482892,73.68595380725674,44.05923225242782
1688400000,31072.37,31130.31,30833.24,31017.27,30566.569999999978,30482.920799999978,29520.247699999985,2151.46662283,947.4065072465044,30756.452222222306,30629.835714285666,NaN,39.79754265095126,93.80616056611689,54.00861791516563
1688407200,31017.95,31389.07,31013.22,31266.82,30582.308799999977,30488.37459999998,29545.317949999986,3428.87645018,1094.5733824925044,30822.447777777867,30662.913333333287,NaN,59.51947506987504,128.40796175250944,68.8884866826344
1688414400,31267.08,31308.05,30922.02,31059.11,30592.61519999998,30492.094499999977,29567.220999999987,1651.09253072,1154.1665193185045,30854.757777777864,30688.833333333285,NaN,54.87708086330048,137.48483776176,82.60775689845951
1688421600,31058.36,31164.14,31053.98,31160.43,30603.910799999972,30497.75669999998,29590.08419999999,902.5572378,1188.2168709855046,30907.812222222306,30720.551904761855,NaN,54.803457400603435,151.1120786492138,96.30862124861036
1688428800,31163.68,31324.99,31115.25,31297.93,30621.42679999998,30505.37329999998,29613.62904999999,1184.32679471,1237.1608104125044,30976.321111111203,30757.769047619,NaN,59.78132530385203,171.0352778784254,111.25395257457338
1688436000,31297.92,31330.15,31193.74,31200.65,30636.37939999998,30512.999399999982,29637.126449999992,870.5627391,1270.8726658875044,31040.67555555564,30789.73333333328,NaN,52.54505722660173,176.93527410782553,124.39021688122381
1688443200,31203.42,31221.1,30983.85,30991.45,30648.345999999976,30518.38629999998,29659.34359999999,965.87760883,1299.7134707735045,31080.346666666755,30810.98476190471,NaN,30.770308725221497,162.8531027877507,132.0827940625292
1688450400,30990.95,31057.13,30898.74,30919.63,30651.984199999977,30522.85119999998,29681.90439999999,937.12080344,1266.6105734445043,31108.984444444533,30829.82190476185,NaN,9.721729546170053,144.23495599524176,134.5132264490717
1688457600,30918.64,31051.65,30886.18,31025.43,30657.722799999978,30531.280099999978,29704.93144999999,790.33829456,1262.6645149635044,31104.302222222308,30854.618095238045,NaN,1.5448361909595292,136.4442716877711,134.89943549681158
1688464800,31025.89,31085.99,30962.12,31077.58,30663.750799999976,30539.04339999998,29727.95659999999,684.51740143,1270.9327217650043,31111.00333333342,30884.148571428515,NaN,-1.5630262524841214,132.9456526812064,134.50867893369053
1688472000,31077.58,31084.46,30994.1,31011.78,30668.436399999973,30546.94969999998,29750.427799999994,938.98633463,1292.2433792960044,31082.665555555646,30905.277619047567,NaN,-8.854530033394582,123.44051639194731,132.2950464253419
1688479200,31012.31,31053.22,30903.26,30965.1,30669.203599999975,30552.51459999998,29772.677849999993,1056.71679227,1264.0943984405044,31072.22000000009,30924.251428571373,NaN,-17.14565147996848,110.8629820753813,128.00863355534977
1688486400,30964.5,31125.1,30825.73,30902.63,30684.390999999978,30558.80109999998,29794.747849999992,1579.55529938,1303.7887035665044,31043.575555555646,30937.457619047567,NaN,-26.59728213065837,94.76203089202681,121.35931302268519
1688493600,30894.54,30939.41,30635.73,30706.04,30697.105999999978,30562.539899999978,29815.578949999992,1711.54487626,1361.7378967650043,30977.81000000009,30939.037619047565,NaN,-44.779431856072705,65.38502320259431,110.16445505866702
1688500800,30702.49,30824.41,30686.18,30808.1,30704.422199999975,30564.21619999998,29836.908699999993,526.33042589,1358.2054652595043,30934.193333333424,30940.931904761852,30934.193333333424,-48.319356783784286,49.76525907893665,98.08461586272094
1688508000,30808.04,30839.8,30774.31,30776.54,30712.240799999978,30567.741599999983,29857.8693,315.19712744,1344.1238199950044,30910.31444444453,30945.389047618995,NaN,-50.91343681237484,34.442819847252395,85.35625665962723
1688515200,30776.21,30833.13,30765.27,30804.96,30718.91039999997,30574.831199999982,29879.263,381.25305888,1334.3554996000044,30897.573333333414,30951.27523809518,NaN,-48.8348681236361,24.312671505082108,73.1475396287182
1688522400,30803.73,30870.61,30801.11,30864.75,30726.651799999974,30580.91509999998,29901.067099999997,276.02258365,1295.1372506920043,30879.72000000008,30962.860476190417,NaN,-41.82327109177235,20.868450764002773,62.69172185577512
1688529600,30865.25,30873.77,30810.68,30818.49,30734.049599999977,30587.40009999998,29922.687249999995,343.07097053,1221.8638358935043,30850.93222222231,30971.62619047613,NaN,-38.75984651866277,14.241913707446656,53.001760226109425
1688536800,30819.01,30839.79,30776.05,30780.62,30741.661999999975,30592.46289999998,29943.797399999996,442.79416464,1056.9104058585042,30825.24777777786,30977.279999999944,NaN,-37.70787800213062,5.8669127234461484,43.57479072557677
1688544000,30778.39,30792.42,30666.25,30688.7,30746.92259999998,30595.55259999998,29964.075249999994,968.9354437,997.7838469020041,30794.536666666754,30959.238571428516,NaN,-41.335197949267936,-8.094206711008155,33.24099123825978
1688551200,30688.63,30707.15,30362.75,30409.24,30745.87639999998,30595.88009999998,29982.85605,2729.09110308,962.7945795470041,30739.71555555564,30930.284761904706,NaN,-59.579408542048455,-41.233269439300784,18.346139102747667
1688558400,30405.99,30437.43,30196.99,30364.49,30744.216199999977,30596.28799999998,30002.6175,2512.43802153,1005.8618540875041,30701.765555555634,30887.31666666661,NaN,-70.91437395050235,-70.29682833538027,0.6175456151220793
1688565600,30363.99,30443.62,30247.13,30359.87,30740.757799999974,30595.78109999998,30022.7054,1637.89339229,1042.628661812004,30651.962222222304,30854.019523809464,NaN,-74.60192966314848,-92.63486646381352,-18.03293680066504
1688572800,30358.39,30583.24,30339.23,30530.4,30739.898399999976,30597.31229999998,30043.142949999998,1418.72921575,1054.348782864004,30624.613333333415,30824.01809523804,NaN,-61.955232663769166,-95.4769776303765,-33.52174496660733
1688580000,30531.02,30600.56,30441.39,30444.71,30737.208399999974,30594.417299999983,30063.3669,1272.79549363,1074.460420590504,30584.585555555634,30783.388571428513,NaN,-55.94365658180442,-103.45131569386285,-47.507659112058434
1688587200,30442.49,30497.24,30406.55,30475.18,30735.031199999972,30593.020599999978,30083.4073,1017.69835359,1077.0514578285042,30541.30000000008,30748.842380952323,NaN,-46.865415760447874,-106.08942881261828,-59.224013052170406
1688594400,30476.56,30538.98,30406.88,30507.27,30732.744199999976,30593.004099999976,30103.79105,1811.2569999099999,1120.7582676520042,30506.72000000008,30725.78619047613,NaN,-36.13074489874492,-104.38744417560156,-68.25669927685664
1688601600,30507.27,30529.06,30343.72,30384.24,30728.463399999975,30589.390999999978,30123.739299999997,1547.5037127,1158.6165385590043,30462.67777777785,30700.291428571367,NaN,-34.73763169818153,-111.67873889958355,-76.94110720140202